Country Code,Country Name,Series Code,Series Name,1990,1991,1992,1993,1994,1995,1996,1997,1998,1999,2000,2001,2002,2003,2004,2005,2006,2007,2008,2009,2010,2011
MNA,Middle East & North Africa (developing only),AG.LND.FRST.K2,Forest area (sq. km),2.06640000000000E+05,,,,,,,,,,2.08270000000000E+05,,,,,2.09850000000000E+05,,,,,2.11060000000000E+05,
MNA,Middle East & North Africa (developing only),AG.LND.FRST.ZS,Forest area (% of land area),2.39063459872069E+00,,,,,,,,,,2.40949219839120E+00,,,,,2.42783032838473E+00,,,,,2.44180947962594E+00,
MNA,Middle East & North Africa (developing only),DC.ODA.COMM.CD,Total bilateral ODA commitments (current US$),,,,,,,,,,,,,,,,,,,,,,
MNA,Middle East & North Africa (developing only),DC.ODA.COMM.SA.CD,Total bilateral sector allocable ODA commitments (current US$),,,,,,,,,,,,,,,,,,,,,,
MNA,Middle East & North Africa (developing only),DC.ODA.SOCL.CD,"Bilateral, sector-allocable ODA to basic social services (current US$)",,,,,,,,,,,,,,,,,,,,,,
MNA,Middle East & North Africa (developing only),DC.ODA.SOCL.ZS,"Bilateral, sector-allocable ODA to basic social services (% of bilateral ODA commitments)",,,,,,,,,,,,,,,,,,,,,,
MNA,Middle East & North Africa (developing only),DC.ODA.TLDC.CD,"Net ODA provided, to the least developed countries (current US$)",,,,,,,,,,,,,,,,,,,,,,
MNA,Middle East & North Africa (developing only),DC.ODA.TLDC.GN.ZS,Net ODA provided to the least developed countries (% of GNI),,,,,,,,,,,,,,,,,,,,,,
MNA,Middle East & North Africa (developing only),DC.ODA.TOTL.CD,"Net ODA provided, total (current US$)",,,,,,,,,,,,,,,,,,,,,,
MNA,Middle East & North Africa (developing only),DC.ODA.TOTL.GN.ZS,"Net ODA provided, total (% of GNI)",,,,,,,,,,,,,,,,,,,,,,
MNA,Middle East & North Africa (developing only),DC.ODA.TOTL.KD,"Net ODA provided, total (constant 2009 US$)",,,,,,,,,,,,,,,,,,,,,,
MNA,Middle East & North Africa (developing only),DC.ODA.UNTD.CD,Bilateral ODA commitments that is untied (current US$),,,,,,,,,,,,,,,,,,,,,,
MNA,Middle East & North Africa (developing only),DC.ODA.UNTD.ZS,Bilateral ODA commitments that is untied (% of bilateral ODA commitments),,,,,,,,,,,,,,,,,,,,,,
MNA,Middle East & North Africa (developing only),DT.HPC.COMR.PV,"Debt relief committed under HIPC initiative, cumulative US$ in end-2009 NPV terms",,,,,,,,,,,,,,,,,,,,,,
MNA,Middle East & North Africa (developing only),DT.HPC.MDRI.PV,"Debt relief delivered in full under MDRI initiative, cumulative US$ in end-2009 NPV terms",,,,,,,,,,,,,,,,,,,,,,
MNA,Middle East & North Africa (developing only),DT.HPC.STTS,Status under enhanced HIPC initiative,,,,,,,,,,,,,,,,,,,,,,
MNA,Middle East & North Africa (developing only),DT.HPC.TOTL.PV,"Debt relief committed under HIPC and MDRI initiatives, cumulative US$ in end-2009 NPV terms",,,,,,,,,,,,,,,,,,,,,,
MNA,Middle East & North Africa (developing only),DT.ODA.ALLD.CD,Net official development assistance and official aid received (current US$),1.03263200000000E+10,1.03875500000000E+10,6.81913000000000E+09,5.37970000000000E+09,6.83973000000000E+09,5.43735000000000E+09,5.76285000000000E+09,5.35112000000000E+09,5.27681000000000E+09,5.10093000000000E+09,4.48556000000000E+09,4.65154000000000E+09,4.41650000000000E+09,7.62666000000000E+09,1.05069800000000E+10,2.81836300000000E+10,1.69424900000000E+10,1.77343000000000E+10,2.32819700000000E+10,1.35893300000000E+10,,
MNA,Middle East & North Africa (developing only),DT.ODA.ODAT.CD,Net official development assistance received (current US$),1.03263200000000E+10,1.03875500000000E+10,6.81913000000000E+09,5.37970000000000E+09,6.83973000000000E+09,5.43735000000000E+09,5.76285000000000E+09,5.35112000000000E+09,5.27681000000000E+09,5.10093000000000E+09,4.47181000000000E+09,4.64440000000000E+09,4.40962000000000E+09,7.61871000000000E+09,1.04945500000000E+10,2.81836300000000E+10,1.69424900000000E+10,1.77343000000000E+10,2.32819700000000E+10,1.35893300000000E+10,,
MNA,Middle East & North Africa (developing only),DT.ODA.ODAT.GN.ZS,Net ODA received (% of GNI),3.70179992902635E+00,4.16245887238300E+00,2.50951390587179E+00,1.90924782515797E+00,2.34145730627535E+00,1.58281728684749E+00,1.45133614733947E+00,1.31286864813258E+00,1.23626806489135E+00,1.16006995270525E+00,9.81190653891031E-01,9.76061877207287E-01,9.40412869238839E-01,1.46767126903346E+00,1.74572308537016E+00,4.04171384625095E+00,2.05333121983271E+00,1.74751048650621E+00,1.84913314708045E+00,1.13418543371290E+00,,
MNA,Middle East & North Africa (developing only),DT.ODA.ODAT.PC.ZS,Net ODA received per capita (current US$),4.58115918582533E+01,4.49500312409114E+01,2.88434798265496E+01,2.22671626582435E+01,2.77254945095332E+01,2.15976588156666E+01,2.24348916453929E+01,2.04247690785811E+01,1.97551234363792E+01,1.87379905539741E+01,1.61196402492096E+01,1.64370347394326E+01,1.53237186778416E+01,2.60039738671256E+01,3.51841785078585E+01,9.28335839328784E+01,5.48287392271054E+01,5.63894868500996E+01,7.27493102955900E+01,4.17331060611257E+01,,
MNA,Middle East & North Africa (developing only),DT.TDS.DECT.EX.ZS,"Total debt service (% of exports of goods, services and income)",2.41637616326538E+01,2.40554638129472E+01,2.47975874102244E+01,2.46248780942505E+01,2.04886198363973E+01,2.11034669598995E+01,1.96613622508606E+01,2.06907761216585E+01,1.92929515080965E+01,1.78836159803855E+01,1.42860943671176E+01,,,,,,,,,,,
MNA,Middle East & North Africa (developing only),DT.TDS.DPPF.XP.ZS,"Debt service (PPG and IMF only, % of exports, excluding workers' remittances)",2.48427302364030E+01,2.46668890813270E+01,1.52665086776458E+01,1.41660938769760E+01,1.74513682822748E+01,2.08649686926514E+01,1.98040880547034E+01,1.98505359607724E+01,1.58368754720033E+01,1.48869628422756E+01,1.17197401481911E+01,1.21358915326448E+01,1.45214308490005E+01,1.60453774186232E+01,1.27732114815854E+01,,,,,,,
MNA,Middle East & North Africa (developing only),EG.GDP.PUSE.KO.PP.KD,GDP per unit of energy use (constant 2005 PPP $ per kg of oil equivalent),5.65295090288256E+00,5.60852160736037E+00,5.67071980344805E+00,5.40370523330597E+00,5.30503008842552E+00,5.24483056842898E+00,5.46042526612254E+00,5.21981794292301E+00,5.11062629737687E+00,5.04088684346905E+00,5.01985262140714E+00,4.94125841868697E+00,4.86033175137219E+00,4.68208508183197E+00,4.67286486828491E+00,4.74164813105400E+00,4.70805553789263E+00,4.73413663005718E+00,4.75208398441261E+00,,,
MNA,Middle East & North Africa (developing only),EG.USE.COMM.GD.PP.KD,"Energy use (kg of oil equivalent) per $1,000 GDP (constant 2005 PPP)",1.76898759104750E+02,1.78300106517847E+02,1.76344456199715E+02,1.85058206697963E+02,1.88500344641173E+02,1.90663928405896E+02,1.83135919138786E+02,1.91577562845040E+02,1.95670734233350E+02,1.98377791656957E+02,1.99209035686726E+02,2.02377596002301E+02,2.05747272234591E+02,2.13580057286940E+02,2.14001480502267E+02,2.10897133730949E+02,2.12401912414060E+02,2.11231757370704E+02,2.10433991335195E+02,,,
MNA,Middle East & North Africa (developing only),EN.ATM.CO2E.KT,CO2 emissions (kt),5.78701992780015E+05,5.97135104120821E+05,6.36988347637050E+05,6.40031139663402E+05,7.17717652712101E+05,7.36157705594691E+05,7.39908038417531E+05,7.53464960000000E+05,8.21864512000000E+05,8.40561904000000E+05,8.84866992000000E+05,9.03176000000000E+05,9.42857120000000E+05,9.72634448000000E+05,1.02629372800000E+06,1.08256910400000E+06,1.14517220800000E+06,1.17702702400000E+06,,,,
MNA,Middle East & North Africa (developing only),EN.ATM.CO2E.PC,CO2 emissions (metric tons per capita),2.56734824223885E+00,2.58398193850097E+00,2.69432619041086E+00,2.64915840906109E+00,2.90933660241916E+00,2.92408672606289E+00,2.88047696356014E+00,2.87591155062910E+00,3.07686554614238E+00,3.08775870619328E+00,3.18970116785825E+00,3.19643770730810E+00,3.27649032349271E+00,3.31976945809174E+00,3.44076703883898E+00,3.56585612922555E+00,3.70596933287613E+00,3.74257511669814E+00,,,,
MNA,Middle East & North Africa (developing only),EN.ATM.CO2E.PP.GD,CO2 emissions (kg per PPP $ of GDP),1.26571896691656E+05,1.30746009695168E+05,1.37409901201250E+05,1.31384211727082E+05,1.55216971769569E+05,1.54068577296610E+05,1.57033222207290E+05,1.52952608730823E+05,1.65701293922183E+05,1.60771582817657E+05,1.73520685656510E+05,1.78374907778588E+05,1.90162329940828E+05,2.04410018884716E+05,2.14553771179028E+05,2.22513980577471E+05,2.46862600802740E+05,2.56941964570641E+05,,,,
MNA,Middle East & North Africa (developing only),EN.POP.SLUM.UR.ZS,Population living in slums (% of urban population),,,,,,,,,,,,,,,,,,,,,,
MNA,Middle East & North Africa (developing only),ER.H2O.FWTL.ZS,"Annual freshwater withdrawals, total (% of internal resources)",,,,,,,,,,,,,,,,,,1.21901657014369E+02,,,,
MNA,Middle East & North Africa (developing only),ER.H2O.INTR.PC,Renewable internal freshwater resources per capita (cubic meters),,,9.57501524654298E+02,,,,,8.64038818245058E+02,,,,,7.86654070151549E+02,,,,,7.19788462343814E+02,,,,
MNA,Middle East & North Africa (developing only),ER.LND.PTLD.TR.ZS,Terrestrial protected areas (% of total surface area),,,,,,,,,,,,,,,,,,,,,,
MNA,Middle East & North Africa (developing only),ER.MRN.PTMR.ZS,Marine protected areas (% of total surface area),8.73634731083456E-01,8.94216142915104E-01,9.32292609844208E-01,9.34569082003451E-01,9.34670381836128E-01,9.34771686177433E-01,1.07749614070271E+00,1.29164053411741E+00,1.40766585740969E+00,1.41424730896128E+00,1.41424730896128E+00,1.54892731687765E+00,1.55612810808781E+00,1.96804513490262E+00,1.96825539886963E+00,1.96825539886963E+00,1.96825539886963E+00,1.96825539886963E+00,1.96825539886963E+00,1.96825539925126E+00,,
MNA,Middle East & North Africa (developing only),IT.CEL.SETS.P2,Mobile cellular subscriptions (per 100 people),3.44530115637705E-03,5.88676538970727E-03,7.57005304864049E-03,1.12906605013582E-02,1.78597336824044E-02,8.76827570522764E-02,1.49690910252075E-01,3.37885893153950E-01,5.16076912884903E-01,8.78783041654542E-01,2.26370242628984E+00,4.41515018843055E+00,6.01306547660718E+00,8.41779479945547E+00,1.31068243727164E+01,2.23672815108980E+01,3.39700489925219E+01,4.78825068536777E+01,5.74450229804222E+01,6.84407378543433E+01,,
MNA,Middle East & North Africa (developing only),IT.MLT.MAIN.P2,Telephone lines (per 100 people),3.36470400251862E+00,3.57914724399769E+00,3.97467248983303E+00,4.38576969516956E+00,4.86111273228996E+00,5.39716292450524E+00,5.93347749121604E+00,6.48109154386969E+00,7.14220073538731E+00,7.88169489648696E+00,8.61211428762656E+00,9.51354187425813E+00,1.07931644805865E+01,1.20244313707221E+01,1.26500725806468E+01,1.42882122524491E+01,1.51804498374930E+01,1.59758421410251E+01,1.63888996245071E+01,1.60873679252177E+01,,
MNA,Middle East & North Africa (developing only),IT.NET.USER.P2,Internet users (per 100 people),0.00000000000000E+00,,,,2.93743433475698E-03,1.37680086512602E-02,2.71431092436905E-02,7.90100232789773E-02,1.67724290382491E-01,4.34517166315355E-01,8.70697339258734E-01,1.16120515591693E+00,2.87992619532891E+00,4.14492396031491E+00,7.69482079185245E+00,1.06071614667495E+01,1.13104181537111E+01,1.36836629033773E+01,1.89502307821436E+01,2.18681567276699E+01,,
MNA,Middle East & North Africa (developing only),NE.GDI.TOTL.ZS,Gross capital formation (% of GDP),2.86483664929196E+01,2.87842004799652E+01,2.92908449852685E+01,2.61749434874404E+01,2.38736961476243E+01,2.51093883321611E+01,2.57346265651246E+01,2.46322559955004E+01,2.59283141665787E+01,2.46371421627644E+01,2.44845439016791E+01,2.45775591864421E+01,2.54503194183407E+01,2.62239936630610E+01,2.59265266664246E+01,2.49056434899998E+01,2.58207545182305E+01,2.79923213287264E+01,,,,
MNA,Middle East & North Africa (developing only),NE.TRD.GNFS.ZS,Trade (% of GDP),5.72550674857486E+01,6.00631478458208E+01,5.73139152130252E+01,5.83862297711525E+01,5.63617202750717E+01,5.49953591969120E+01,5.32119740960510E+01,5.07872743724672E+01,4.62721105457656E+01,4.81350364686249E+01,5.24271558672480E+01,5.24030729062403E+01,5.80077096775824E+01,6.13147945048574E+01,6.67145413381316E+01,7.06813171245555E+01,6.99539573872471E+01,7.13824684460221E+01,,,,
MNA,Middle East & North Africa (developing only),NY.AGR.SUBS.GD.ZS,Agricultural support estimate (% of GDP),,,,,,,,,,,,,,,,,,,,,,
MNA,Middle East & North Africa (developing only),NY.GNP.ATLS.CD,"GNI, Atlas method (current US$)",2.92220511008511E+11,2.85048887458532E+11,2.96144227178194E+11,2.93024704061949E+11,3.07278628409755E+11,3.23574596007378E+11,3.69032717349071E+11,4.00857328243145E+11,4.18599240881117E+11,4.31111882251825E+11,4.53545857642109E+11,4.72185782642218E+11,4.76423846031621E+11,5.12954979431310E+11,5.78594470886838E+11,6.61776436881052E+11,7.57825024668365E+11,8.95236515513181E+11,1.07716460407592E+12,1.19316672939852E+12,1.29299827423011E+12,
MNA,Middle East & North Africa (developing only),NY.GNP.PCAP.CD,"GNI per capita, Atlas method (current US$)",1.29640440959917E+03,1.23349166997493E+03,1.25262754080995E+03,1.21286107928529E+03,1.24558307489792E+03,1.28526832482450E+03,1.43665183500027E+03,1.53003826541420E+03,1.56713614361349E+03,1.58366618976161E+03,1.63490757919277E+03,1.67111663783401E+03,1.65560410829139E+03,1.75080399177075E+03,1.93980410282884E+03,2.17981425380614E+03,2.45244888191267E+03,2.84657007715329E+03,3.36582265252233E+03,3.66423905127000E+03,3.90322722983031E+03,
MNA,Middle East & North Africa (developing only),PA.NUS.PPP,"PPP conversion factor, GDP (LCU per international $)",,,,,,,,,,,,,,,,,,,,,,
MNA,Middle East & North Africa (developing only),PA.NUS.PRVT.PP,"PPP conversion factor, private consumption (LCU per international $)",,,,,,,,,,,,,,,,,,,,,,
MNA,Middle East & North Africa (developing only),SE.ADT.1524.LT.FE.ZS,"Literacy rate, youth female (% of females ages 15-24)",6.73036577648547E+01,,,,,,,,,,7.99600905642922E+01,,,,,,,,,8.71355884396254E+01,,
MNA,Middle East & North Africa (developing only),SE.ADT.1524.LT.MA.ZS,"Literacy rate, youth male (% of males ages 15-24)",8.44593712448493E+01,,,,,,,,,,9.00698295322000E+01,,,,,,,,,9.29399847865000E+01,,
MNA,Middle East & North Africa (developing only),SE.ADT.1524.LT.ZS,"Literacy rate, youth total (% of people ages 15-24)",7.61315273488765E+01,,,,,,,,,,8.50937930216923E+01,,,,,,,,,9.00848415178468E+01,,
MNA,Middle East & North Africa (developing only),SE.ADT.LITR.ZS,"Literacy rate, adult total (% of people ages 15 and above)",5.63115240731275E+01,,,,,,,,,,6.82596328184432E+01,,,,,,,,,7.43976601660976E+01,,
MNA,Middle East & North Africa (developing only),SE.ENR.ORPH,Ratio of school attendance of orphans to school attendance of non-orphans ages 10-14,,,,,,,,,,,,,,,,,,,,,,
MNA,Middle East & North Africa (developing only),SE.ENR.PRIM.FM.ZS,Ratio of female to male primary enrollment (%),,8.18052301094361E+01,,,,,,,,8.81210000000000E+01,8.92120000000000E+01,8.97030000000000E+01,9.05610000000000E+01,9.10250000000000E+01,9.13520000000000E+01,9.14020000000000E+01,9.16500000000000E+01,9.21930000000000E+01,9.26090000000000E+01,9.28240000000000E+01,,
MNA,Middle East & North Africa (developing only),SE.ENR.PRSC.FM.ZS,Ratio of girls to boys in primary and secondary education (%),,7.95072730149300E+01,,,,,,,,8.83440000000000E+01,8.94600000000000E+01,8.99070000000000E+01,9.06340000000000E+01,9.13570000000000E+01,9.18420000000000E+01,9.21710000000000E+01,9.24810000000000E+01,9.33690000000000E+01,9.31500000000000E+01,9.27740000000000E+01,,
MNA,Middle East & North Africa (developing only),SE.ENR.SECO.FM.ZS,Ratio of female to male secondary enrollment (%),,7.52251356582042E+01,,,,,,,,8.87590000000000E+01,8.98840000000000E+01,9.02600000000000E+01,9.08120000000000E+01,9.18160000000000E+01,9.24590000000000E+01,9.31340000000000E+01,9.35070000000000E+01,9.47880000000000E+01,9.38110000000000E+01,9.27250000000000E+01,,
MNA,Middle East & North Africa (developing only),SE.ENR.TERT.FM.ZS,Ratio of female to male tertiary enrollment (%),,5.54512848167486E+01,,,,,,,,7.37020000000000E+01,7.63710000000000E+01,8.00190000000000E+01,8.35150000000000E+01,8.72650000000000E+01,8.94670000000000E+01,9.06560000000000E+01,9.22070000000000E+01,9.58630000000000E+01,9.85070000000000E+01,9.67980000000000E+01,,
MNA,Middle East & North Africa (developing only),SE.PRM.CMPT.ZS,"Primary completion rate, total (% of relevant age group)",,,,,,,,,,8.31212354500000E+01,8.26423184200000E+01,8.43594407100000E+01,8.53046165900000E+01,8.70519346500000E+01,9.02345183600000E+01,9.16404959200000E+01,8.87009643000000E+01,8.82590990600000E+01,9.00815158700000E+01,8.80733081400000E+01,,
MNA,Middle East & North Africa (developing only),SE.PRM.NENR,"School enrollment, primary (% net)",,,,,,,,,,8.47305500000000E+01,8.55215100000000E+01,8.72055200000000E+01,8.93692700000000E+01,9.05661000000000E+01,9.07198100000000E+01,9.03225800000000E+01,8.99284400000000E+01,9.10485900000000E+01,9.08319300000000E+01,9.04196100000000E+01,,
MNA,Middle East & North Africa (developing only),SE.PRM.PRSL.FE.ZS,"Persistence to last grade of primary, female (% of cohort)",,,,,,,,,,8.53146989742000E+01,9.36868542962000E+01,8.99123274014000E+01,8.86420436197000E+01,8.28817181770000E+01,,,,,,,,
MNA,Middle East & North Africa (developing only),SE.PRM.PRSL.MA.ZS,"Persistence to last grade of primary, male (% of cohort)",,,,,,,,,,8.49706544937000E+01,9.32283584156000E+01,9.03792907501000E+01,8.85699020300000E+01,8.67774671014000E+01,,,,,,,,
MNA,Middle East & North Africa (developing only),SE.PRM.PRSL.ZS,"Persistence to last grade of primary, total (% of cohort)",,,,,,,,,,8.51787631947000E+01,9.34365849516000E+01,9.02199954613000E+01,8.86837155053000E+01,8.49956066931000E+01,,,,,,,,
MNA,Middle East & North Africa (developing only),SE.PRM.TENR,"Total enrollment, primary (% net)",,,,,,,,,,8.58561600000000E+01,8.68091800000000E+01,8.82913000000000E+01,9.04705000000000E+01,9.14536600000000E+01,9.16378800000000E+01,9.16899800000000E+01,9.09919300000000E+01,9.18951200000000E+01,9.17297800000000E+01,9.13920800000000E+01,,
MNA,Middle East & North Africa (developing only),SG.GEN.PARL.ZS,Proportion of seats held by women in national parliaments (%),3.75092630712227E+00,,,,,,,3.53378684807256E+00,3.96341463414634E+00,3.61994609164420E+00,3.89556135770235E+00,4.25410928476233E+00,5.08583055863855E+00,5.90376106194690E+00,5.93103448275862E+00,6.53403863845446E+00,8.63830445544554E+00,8.78867574257426E+00,8.77397769516729E+00,8.70321782178218E+00,9.31759566134378E+00,9.31736189402480E+00
MNA,Middle East & North Africa (developing only),SH.CON.1524.FE.ZS,"Condom use, population ages 15-24, female (% of females ages 15-24)",,,,,,,,,,,,,,,,,,,,,,
MNA,Middle East & North Africa (developing only),SH.CON.1524.MA.ZS,"Condom use, population ages 15-24, male (% of males ages 15-24)",,,,,,,,,,,,,,,,,,,,,,
MNA,Middle East & North Africa (developing only),SH.CON.AIDS.FE.ZS,"Condom use with non regular partner, % adults(15-49), female",,,,,,,,,,,,,,,,,,,,,,
MNA,Middle East & North Africa (developing only),SH.CON.AIDS.MA.ZS,"Condom use with non regular partner, % adults(15-49), male",,,,,,,,,,,,,,,,,,,,,,
MNA,Middle East & North Africa (developing only),SH.DYN.AIDS.DH,AIDS estimated deaths (UNAIDS estimates),,,,,,,,,,,,,,,,,,,,,,
MNA,Middle East & North Africa (developing only),SH.DYN.AIDS.ZS,"Prevalence of HIV, total (% of population ages 15-49)",1.02620412600000E-01,1.03293719000000E-01,1.04250632700000E-01,1.05158120600000E-01,1.06046077800000E-01,1.06954728100000E-01,1.07596588000000E-01,1.08284964100000E-01,1.08678270600000E-01,1.09066519500000E-01,1.10911556100000E-01,1.10896214800000E-01,1.10865322800000E-01,1.43108213800000E-01,1.43116570300000E-01,1.41621849300000E-01,1.41491813500000E-01,1.31726717000000E-01,1.41654644700000E-01,1.41341625900000E-01,,
MNA,Middle East & North Africa (developing only),SH.DYN.MORT,"Mortality rate, under-5 (per 1,000)",7.44701936851000E+01,7.13630693128000E+01,6.84434760995000E+01,6.55217764380000E+01,6.26837143917000E+01,6.01165162999000E+01,5.76116560282000E+01,5.54371188352000E+01,5.33959042194000E+01,5.13428373102000E+01,4.92206507784000E+01,4.70987650001000E+01,4.52113776575000E+01,4.34586200390000E+01,4.17581523569000E+01,4.01629652753000E+01,3.87166796639000E+01,3.72438642839000E+01,3.60021814304000E+01,3.48206252603000E+01,3.35996552854000E+01,
MNA,Middle East & North Africa (developing only),SH.H2O.SAFE.ZS,Improved water source (% of population with access),8.69223619389498E+01,,,,,8.70462260629361E+01,,,,,8.77441259899629E+01,,,,,8.73219166365991E+01,,,8.71862886408591E+01,,,
MNA,Middle East & North Africa (developing only),SH.HIV.1524.FE.ZS,"Prevalence of HIV, female (% ages 15-24)",,,,,,,,,,,,,,,,,,,,1.06886862487736E-01,,
MNA,Middle East & North Africa (developing only),SH.HIV.1524.KW.FE.ZS,"Comprehensive correct knowledge of HIV/AIDS, ages 15-24, female (2 prevent ways and reject 3 misconceptions)",,,,,,,,,,,,,,,,,,,,,,
MNA,Middle East & North Africa (developing only),SH.HIV.1524.KW.MA.ZS,"Comprehensive correct knowledge of HIV/AIDS, ages 15-24, male (2 prevent ways and reject 3 misconceptions)",,,,,,,,,,,,,,,,,,,,,,
MNA,Middle East & North Africa (developing only),SH.HIV.1524.MA.ZS,"Prevalence of HIV, male (% ages 15-24)",,,,,,,,,,,,,,,,,,,,1.02642769604188E-01,,
MNA,Middle East & North Africa (developing only),SH.HIV.ARTC.ZS,Antiretroviral therapy coverage (% of people with advanced HIV infection),,,,,,,,,,,,,,,,,,,,,,
MNA,Middle East & North Africa (developing only),SH.HIV.KNOW.FE.ZS,Percentage of females ages 15-49 having comprehensive correct knowledge about HIV (2 prevent ways and reject 3 misconceptions) (%),,,,,,,,,,,,,,,,,,,,,,
MNA,Middle East & North Africa (developing only),SH.HIV.KNOW.MA.ZS,Percentage of males ages 15-49 having comprehensive correct knowledge about HIV (2 prevent ways and reject 3 misconceptions) (%),,,,,,,,,,,,,,,,,,,,,,
MNA,Middle East & North Africa (developing only),SH.HIV.ORPH,Children orphaned by HIV/AIDS,,,,,,,,,,,,,,,,,,,,,,
MNA,Middle East & North Africa (developing only),SH.IMM.MEAS,"Immunization, measles (% of children ages 12-23 months)",8.25980987309343E+01,8.14604021152549E+01,8.35886332425475E+01,8.37719260523383E+01,8.33166920880696E+01,8.43826511146195E+01,8.67734634996281E+01,8.61502217464981E+01,8.98042708205877E+01,8.93059283765851E+01,8.94196152956117E+01,8.87790916304897E+01,8.71474416652675E+01,8.67936896927440E+01,8.67446325354957E+01,8.63142141442849E+01,8.70919684864775E+01,8.70619169955842E+01,8.55488183469401E+01,8.61560169183846E+01,,
MNA,Middle East & North Africa (developing only),SH.MLR.NETS.ZS,Use of insecticide-treated bed nets (% of under-5 population),,,,,,,,,,,,,,,,,,,,,,
MNA,Middle East & North Africa (developing only),SH.MLR.TRET.ZS,Children with fever receiving antimalarial drugs (% of children under age 5 with fever),,,,,,,,,,,,,,,,,,,,,,
MNA,Middle East & North Africa (developing only),SH.STA.ACSN,Improved sanitation facilities (% of population with access),7.27492097170969E+01,,,,,7.61957480426946E+01,,,,,7.95991062388647E+01,,,,,8.29213631836078E+01,,,8.41592175778496E+01,,,
MNA,Middle East & North Africa (developing only),SH.STA.ANV4.ZS,Pregnant women receiving prenatal care of at least four visits (% of pregnant women),,,,,,,,,,,,,,,,,,,,,,
MNA,Middle East & North Africa (developing only),SH.STA.ANVC.ZS,Pregnant women receiving prenatal care (%),,,,,,,,,,,,,,,,,,,,8.26817124225000E+01,,
MNA,Middle East & North Africa (developing only),SH.STA.ARIC.ZS,ARI treatment (% of children under 5 taken to a health provider),,,,,,,,,,,7.50605937918000E+01,,,,,,,,,,,
MNA,Middle East & North Africa (developing only),SH.STA.BRTC.ZS,Births attended by skilled health staff (% of total),4.71117876024000E+01,,,,,,,,,,7.69592803934000E+01,,,,,,,,,7.99940840452000E+01,,
MNA,Middle East & North Africa (developing only),SH.STA.MALN.ZS,"Malnutrition prevalence, weight for age (% of children under 5)",,,,,,,,,,,7.27509298840000E+00,,,,,,,,,6.79991453370000E+00,,
MNA,Middle East & North Africa (developing only),SH.STA.MALR,Malaria cases reported,,,,,,,,,,,,,,,,,,,,,,
MNA,Middle East & North Africa (developing only),SH.STA.MMRT,"Maternal mortality ratio (modeled estimate, per 100,000 live births)",2.10000000000000E+02,,,,,1.60000000000000E+02,,,,,1.20000000000000E+02,,,,,9.81823459157000E+01,,,8.75495259292000E+01,,,
MNA,Middle East & North Africa (developing only),SH.TBS.CURE.ZS,Tuberculosis treatment success rate (% of registered cases),,,,,7.80000000000000E+01,7.90000000000000E+01,7.60000000000000E+01,8.00000000000000E+01,7.80000000000000E+01,8.00000000000000E+01,8.50000000000000E+01,8.30000000000000E+01,8.70000000000000E+01,8.50000000000000E+01,8.40000000000000E+01,8.30000000000000E+01,8.60000000000000E+01,8.60000000000000E+01,8.60000000000000E+01,,,
MNA,Middle East & North Africa (developing only),SH.TBS.DTEC.ZS,"Tuberculosis case detection rate (%, all forms)",6.20000000000000E+01,6.70000000000000E+01,7.20000000000000E+01,7.30000000000000E+01,7.30000000000000E+01,7.10000000000000E+01,8.90000000000000E+01,8.30000000000000E+01,8.60000000000000E+01,9.00000000000000E+01,7.70000000000000E+01,7.60000000000000E+01,7.90000000000000E+01,7.70000000000000E+01,7.60000000000000E+01,7.60000000000000E+01,7.30000000000000E+01,7.40000000000000E+01,7.50000000000000E+01,7.80000000000000E+01,,
MNA,Middle East & North Africa (developing only),SH.TBS.INCD,"Incidence of tuberculosis (per 100,000 people)",5.80000000000000E+01,5.70000000000000E+01,5.70000000000000E+01,5.70000000000000E+01,5.70000000000000E+01,5.80000000000000E+01,5.70000000000000E+01,5.50000000000000E+01,5.40000000000000E+01,5.20000000000000E+01,4.90000000000000E+01,4.80000000000000E+01,4.70000000000000E+01,4.50000000000000E+01,4.40000000000000E+01,4.30000000000000E+01,4.20000000000000E+01,4.10000000000000E+01,4.00000000000000E+01,3.90000000000000E+01,,
MNA,Middle East & North Africa (developing only),SH.TBS.MORT,"Tuberculosis death rate (per 100,000 people)",8.00000000000000E+00,7.50000000000000E+00,6.60000000000000E+00,6.50000000000000E+00,6.30000000000000E+00,6.50000000000000E+00,6.20000000000000E+00,6.30000000000000E+00,6.00000000000000E+00,5.40000000000000E+00,4.60000000000000E+00,5.20000000000000E+00,5.00000000000000E+00,5.00000000000000E+00,5.00000000000000E+00,5.00000000000000E+00,4.90000000000000E+00,4.70000000000000E+00,4.30000000000000E+00,4.00000000000000E+00,,
MNA,Middle East & North Africa (developing only),SI.DST.FRST.20,Income share held by lowest 20%,,,,,,,,,,,,,,,,,,,,,,
MNA,Middle East & North Africa (developing only),SI.POV.2DAY,Poverty headcount ratio at $2 a day (PPP) (% of population),1.98600000000000E+01,,,1.98300000000000E+01,,,2.02400000000000E+01,,,1.89600000000000E+01,,,1.76000000000000E+01,,,1.71600000000000E+01,,,,,,
MNA,Middle East & North Africa (developing only),SI.POV.DDAY,Poverty headcount ratio at $1.25 a day (PPP) (% of population),4.44000000000000E+00,,,4.14000000000000E+00,,,4.11000000000000E+00,,,4.22000000000000E+00,,,3.56000000000000E+00,,,3.64000000000000E+00,,,,,,
MNA,Middle East & North Africa (developing only),SI.POV.GAP2,Poverty gap at $2 a day (PPP) (%),4.84000000000000E+00,,,4.74000000000000E+00,,,4.78000000000000E+00,,,4.60000000000000E+00,,,4.11000000000000E+00,,,4.10000000000000E+00,,,,,,
MNA,Middle East & North Africa (developing only),SI.POV.GAPS,Poverty gap at $1.25 a day (PPP) (%),7.80000000000000E-01,,,7.60000000000000E-01,,,7.70000000000000E-01,,,8.30000000000000E-01,,,6.90000000000000E-01,,,7.70000000000000E-01,,,,,,
MNA,Middle East & North Africa (developing only),SI.POV.NAGP,Poverty gap at national poverty line (%),,,,,,,,,,,,,,,,,,,,,,
MNA,Middle East & North Africa (developing only),SI.POV.NAHC,Poverty headcount ratio at national poverty line (% of population),,,,,,,,,,,,,,,,,,,,,,
MNA,Middle East & North Africa (developing only),SI.POV.RUGP,Poverty gap at rural poverty line (%),,,,,,,,,,,,,,,,,,,,,,
MNA,Middle East & North Africa (developing only),SI.POV.RUHC,Poverty headcount ratio at rural poverty line (% of rural population),,,,,,,,,,,,,,,,,,,,,,
MNA,Middle East & North Africa (developing only),SI.POV.URGP,Poverty gap at urban poverty line (%),,,,,,,,,,,,,,,,,,,,,,
MNA,Middle East & North Africa (developing only),SI.POV.URHC,Poverty headcount ratio at urban poverty line (% of urban population),,,,,,,,,,,,,,,,,,,,,,
MNA,Middle East & North Africa (developing only),SL.EMP.1524.SP.FE.ZS,"Employment to population ratio, ages 15-24, female (%)",,1.40618854277808E+01,1.42411785488274E+01,1.39250199191923E+01,1.40584606796221E+01,1.42230153958017E+01,1.47328670564716E+01,1.51789032978939E+01,1.53040238964110E+01,1.57117497662391E+01,1.49456966093149E+01,1.41554059808947E+01,1.45671538697143E+01,1.48347697595610E+01,1.55227153060880E+01,1.46792286228329E+01,1.53103132504704E+01,1.51417697116368E+01,1.54356956490916E+01,1.52494436936159E+01,,
MNA,Middle East & North Africa (developing only),SL.EMP.1524.SP.MA.ZS,"Employment to population ratio, ages 15-24, male (%)",,4.23927123737564E+01,4.21826416597952E+01,4.15066063591091E+01,4.12108017803011E+01,4.07014103699429E+01,4.06603763509725E+01,4.11387277977149E+01,4.15326891923979E+01,4.14742198256431E+01,4.06619210615778E+01,4.05772699335049E+01,4.00706128092491E+01,4.01750471964871E+01,4.17945434614230E+01,4.23717640261952E+01,4.21355655625079E+01,4.10856514186766E+01,4.10626284440929E+01,4.22540778651134E+01,,
MNA,Middle East & North Africa (developing only),SL.EMP.1524.SP.ZS,"Employment to population ratio, ages 15-24, total (%)",,2.84905808966098E+01,2.84761081308918E+01,2.79196751334734E+01,2.78234436218890E+01,2.76265974273507E+01,2.78680857859194E+01,2.83316724886870E+01,2.86059898168521E+01,2.87597149965977E+01,2.80095251475753E+01,2.75715952887442E+01,2.74964738557004E+01,2.77047442649231E+01,2.88390927115372E+01,2.86932575851570E+01,2.88951517697054E+01,2.83258949827246E+01,2.84454670891930E+01,2.89615281614860E+01,,
MNA,Middle East & North Africa (developing only),SL.EMP.INSV.FE.ZS,Share of women employed in the nonagricultural sector (% of total nonagricultural employment),,,,,1.64045843955251E+01,,,,,,,1.52664238234512E+01,1.78262720603891E+01,1.62105490052983E+01,1.58936797828182E+01,1.66651644721082E+01,,,,,,
MNA,Middle East & North Africa (developing only),SL.EMP.SELF.FE.ZS,"Self-employed, female (% of females employed)",,,,,,,,,,,,,,,,3.74560820239950E+01,,5.36671031006942E+01,,,,
MNA,Middle East & North Africa (developing only),SL.EMP.SELF.MA.ZS,"Self-employed, male (% of males employed)",,,,,,,,,,,,,,,,4.06282284753427E+01,,4.34584479105866E+01,,,,
MNA,Middle East & North Africa (developing only),SL.EMP.SELF.ZS,"Self-employed, total (% of total employed)",,,,,,,,,,,,,,,,4.03615857013103E+01,,4.56353129088939E+01,,,,
MNA,Middle East & North Africa (developing only),SL.EMP.TOTL.SP.FE.ZS,"Employment to population ratio, 15+, female (%)",,1.75873373617882E+01,1.79021450254307E+01,1.79053740137522E+01,1.81352511953641E+01,1.84395157781079E+01,1.88786195020068E+01,1.93161162180833E+01,1.95105042765313E+01,1.97830815251827E+01,1.95027444737577E+01,1.92769099055460E+01,1.93557409842948E+01,1.96970862332299E+01,2.04754703476699E+01,2.04981699904492E+01,2.10744029604195E+01,2.14592565656596E+01,2.15609004369421E+01,2.16056792690373E+01,,
MNA,Middle East & North Africa (developing only),SL.EMP.TOTL.SP.MA.ZS,"Employment to population ratio, 15+, male (%)",,6.86694052950029E+01,6.84000579353604E+01,6.79177459472740E+01,6.76376812582923E+01,6.71695516181738E+01,6.69497280451632E+01,6.70758512742264E+01,6.71968925904215E+01,6.68707356607702E+01,6.63228133089520E+01,6.61778988851106E+01,6.59260050998831E+01,6.57429201347076E+01,6.67646403235276E+01,6.70968376473639E+01,6.75204171881380E+01,6.72554419095976E+01,6.73947103490447E+01,6.83721252100567E+01,,
MNA,Middle East & North Africa (developing only),SL.EMP.TOTL.SP.ZS,"Employment to population ratio, 15+, total (%)",,4.32842371490917E+01,4.32500783634539E+01,4.30045705318370E+01,4.29304819956072E+01,4.28409786520042E+01,4.29609247379832E+01,4.32264898872010E+01,4.34081441633629E+01,4.33704360980844E+01,4.29580880640583E+01,4.27438050032574E+01,4.26943148850675E+01,4.27734347452971E+01,4.36622045440177E+01,4.38413268893847E+01,4.43619884326093E+01,4.44081027602966E+01,4.45402397484401E+01,4.50396789467672E+01,,
MNA,Middle East & North Africa (developing only),SL.EMP.VULN.FE.ZS,"Vulnerable employment, female (% of female employment)",,,,,,,,,,,,,,,,,,,,4.99081463213000E+01,,
MNA,Middle East & North Africa (developing only),SL.EMP.VULN.MA.ZS,"Vulnerable employment, male (% of male employment)",,,,,,,,,,,,,,,,,,,,3.32919572514000E+01,,
MNA,Middle East & North Africa (developing only),SL.EMP.VULN.ZS,"Vulnerable employment, total (% of total employment)",,,,,,,,,,,,,,,,,,,,3.66835697575000E+01,,
MNA,Middle East & North Africa (developing only),SL.FAM.WORK.FE.ZS,"Contributing family workers, female (% of females employed)",,,,,,,,,,,,,,,,3.19116623481059E+01,,3.43775869058185E+01,,,,
MNA,Middle East & North Africa (developing only),SL.FAM.WORK.MA.ZS,"Contributing family workers, male (% of males employed)",,,,,,,,,,,,,,,,9.68854356625438E+00,,8.26164343500912E+00,,,,
MNA,Middle East & North Africa (developing only),SL.FAM.WORK.ZS,"Contributing family workers, total (% of total employed)",,,,,,,,,,,,,,,,1.44246383859541E+01,,1.36243986930499E+01,,,,
MNA,Middle East & North Africa (developing only),SL.GDP.PCAP.EM.KD,GDP per person employed (constant 1990 PPP $),,1.09265570814402E+04,1.10490388318121E+04,1.08474570973563E+04,1.07590075814111E+04,1.07548091119302E+04,1.10056353671063E+04,1.08998515321871E+04,1.10931412485277E+04,1.08676261374046E+04,1.09986997226140E+04,1.10501402438155E+04,1.11635750341341E+04,1.12220865252641E+04,1.14336700005249E+04,1.14651545305245E+04,1.17010834240492E+04,1.19810245246513E+04,1.21572334566647E+04,,,
MNA,Middle East & North Africa (developing only),SN.ITK.DEFC.ZS,Prevalence of undernourishment (% of population),,,6.83689680947786E+00,,,,,7.05642715482322E+00,,,,,7.20481027840696E+00,,,,,7.24312296309815E+00,,,,
MNA,Middle East & North Africa (developing only),SP.ADO.TFRT,"Adolescent fertility rate (births per 1,000 women ages 15-19)",,,,,,,,4.68496590387055E+01,4.54867748484883E+01,4.41172483127085E+01,4.27619413500164E+01,4.14214444459999E+01,4.01035697625353E+01,3.98885645259232E+01,3.96979351395503E+01,3.95367843268518E+01,3.94327787291681E+01,3.93882886603707E+01,3.86738792593857E+01,3.79845587327649E+01,,
MNA,Middle East & North Africa (developing only),SP.DYN.CONU.ZS,Contraceptive prevalence (% of women ages 15-49),4.18259071710000E+01,,,,,,,,,,6.07560946778000E+01,,,,,,,,,6.21241858077000E+01,,
MNA,Middle East & North Africa (developing only),SP.DYN.IMRT.IN,"Mortality rate, infant (per 1,000 live births)",5.61830806228000E+01,5.41545074261000E+01,5.22022379982000E+01,5.02522156132000E+01,4.83942477232000E+01,4.66426062532000E+01,4.49583214243000E+01,4.34145436217000E+01,4.20555695201000E+01,4.05821574642000E+01,3.90575183398000E+01,3.75654556638000E+01,3.61953369255000E+01,3.49304170132000E+01,3.36625480414000E+01,3.24607601322000E+01,3.13460105223000E+01,3.02545233894000E+01,2.92887452052000E+01,2.83858336728000E+01,2.73857661807000E+01,
MNA,Middle East & North Africa (developing only),SP.DYN.LE00.IN,"Life expectancy at birth, total (years)",6.40644207789537E+01,6.49444229114121E+01,6.57213875738532E+01,6.63933329796021E+01,6.69760093929473E+01,6.74790777330550E+01,6.79077668406640E+01,6.82993293954168E+01,6.86628590425955E+01,6.90253024142417E+01,6.93672897038430E+01,6.97015940392148E+01,7.00109438576254E+01,7.02894184005761E+01,7.05513886384295E+01,7.07943417849557E+01,7.10336417256703E+01,7.12697221750376E+01,7.15050453605217E+01,7.17498160378423E+01,,
MNA,Middle East & North Africa (developing only),SP.DYN.TFRT.IN,"Fertility rate, total (births per woman)",4.85268343430480E+00,4.64553706407862E+00,4.43964059415202E+00,4.24042846637797E+00,4.05356334469548E+00,3.87474992174486E+00,3.71301777920583E+00,3.56628800329513E+00,3.43108253462449E+00,3.30997332661323E+00,3.20817212309271E+00,3.11932043081929E+00,3.04277908272465E+00,2.98238633075082E+00,2.92695686228831E+00,2.88092193339549E+00,2.84159460388152E+00,2.80618140108096E+00,2.77111496530493E+00,2.73536329523696E+00,,
MNA,Middle East & North Africa (developing only),SP.POP.TOTL,"Population, total",2.25408451903416E+08,2.31091051846606E+08,2.36418422499881E+08,2.41597911802579E+08,2.46694608013149E+08,2.51756454086396E+08,2.56869972500331E+08,2.61991701321684E+08,2.67110960708184E+08,2.72223960477883E+08,2.77413759293994E+08,2.82557047157542E+08,2.87764353594954E+08,2.92982527937072E+08,2.98274691781023E+08,3.03593040427887E+08,3.09007470148506E+08,3.14496566481322E+08,3.20030113074644E+08,3.25624696616062E+08,3.31263899869422E+08,
MNA,Middle East & North Africa (developing only),SP.UWT.TFRT,Unmet need for contraception (% of married women ages 15-49),,,,,,,,,,,,,,,,,,,,,,
MNA,Middle East & North Africa (developing only),TM.MRC.NOTX.DV.ZS,Goods (excluding arms) admitted free of tariffs from developing countries (% total merchandise imports excluding arms),,,,,,,,,,,,,,,,,,,,,,
MNA,Middle East & North Africa (developing only),TM.MRC.NOTX.LD.ZS,Goods (excluding arms) admitted free of tariffs from least developed countries (% total merchandise imports excluding arms),,,,,,,,,,,,,,,,,,,,,,
MNA,Middle East & North Africa (developing only),TM.TAX.AGRI.CD.DV,Average tariffs imposed by developed countries on agricultural products from developing countries (%),,,,,,,,,,,,,,,,,,,,,,
MNA,Middle East & North Africa (developing only),TM.TAX.AGRI.CD.LD,Average tariffs imposed by developed countries on agricultural products from least developed countries (%),,,,,,,,,,,,,,,,,,,,,,
MNA,Middle East & North Africa (developing only),TM.TAX.CLTH.CD.DV,Average tariffs imposed by developed countries on clothing products from developing countries (%),,,,,,,,,,,,,,,,,,,,,,
MNA,Middle East & North Africa (developing only),TM.TAX.CLTH.CD.LD,Average tariffs imposed by developed countries on clothing products from least developed countries (%),,,,,,,,,,,,,,,,,,,,,,
MNA,Middle East & North Africa (developing only),TM.TAX.TXTL.CD.DV,Average tariffs imposed by developed countries on textile products from developing countries (%),,,,,,,,,,,,,,,,,,,,,,
MNA,Middle East & North Africa (developing only),TM.TAX.TXTL.CD.LD,Average tariffs imposed by developed countries on textile products from least developed countries (%),,,,,,,,,,,,,,,,,,,,,,
